{"Memory Load (%)":0,"Load Time (s)":70.83704400062561,"CPU Load (%)":19.200000000000003,"_wandb":{"runtime":343},"Peak Memory (%)":26.057354923035426,"_timestamp":1.7397921150913801e+09,"Benchmark Results":{"height":1000,"_type":"image-file","sha256":"815754971355846b48ddf91b4862c868c939c2a188fab7a9c94c18ab3863d433","size":46484,"path":"media/images/Benchmark Results_4_815754971355846b48dd.png","format":"png","width":1400},"Library":"Python Vectorized","_runtime":259.6626567,"_step":4}