{"Library":"Polars","_wandb":{"runtime":523},"CPU Load (%)":42.9,"_timestamp":1.7397963065829172e+09,"Memory Load (%)":27.953111200321153,"Load Time (s)":9.683059453964233,"Dataset Summary":{"_type":"html-file","sha256":"fad5a753b9b1bf5133c7529b7befd4991592cd1efa0a4b9ba2cdcdd12db703f5","size":7357,"path":"media/html/Dataset Summary_3_fad5a753b9b1bf5133c7.html"},"_runtime":221.1127412,"Peak Memory (%)":3.8552295686345843,"_step":3}